VehicleID,Amount (Million Naira)
VHL18518,6.4816973074411095
VHL17149,9.034231360656033
VHL10927,4.062175945090205
VHL12909,5.1168367793980805
VHL12348,11.37713825416768
VHL10798,30.37333077327578
VHL11022,2.1509338230745025
VHL12206,8.030992234570599
VHL11697,9.38137062618594
VHL12313,9.038241325668912
VHL13411,17.907312813083443
VHL14334,3.6045104763787146
VHL14302,5.741647360791264
VHL13979,4.514327031233814
VHL12272,2.3016620093566273
VHL15071,7.683677720062109
VHL19166,4.361834730835484
VHL10471,3.2798390115187437
VHL18431,2.978293911831129
VHL12325,7.849272555815986
VHL15657,2.716433966067652
VHL13667,23.462999954576553
VHL18913,5.088946712362032
VHL13273,6.124209472642296
VHL16576,1.134523254654436
VHL15506,3.162157349865195
VHL10460,47.369514975023826
VHL16050,1.8502057552130524
VHL17918,4.982078825270937
VHL12992,5.319202410716299
VHL10261,7.359090657076422
VHL18348,8.630517412439668
VHL11577,7.271530894967702
VHL16957,2.0862091195646157
VHL16165,12.22685336591842
VHL11441,3.941292625563661
VHL19990,3.204492153030607
VHL14072,4.466211460324372
VHL13637,1.4049540930449294
VHL10757,10.801322298093773
VHL12657,7.830288566588385
VHL19939,15.160671772113451
VHL12094,10.592428044420492
VHL17177,4.175519481022791
VHL16720,15.566985599098519
VHL11478,33.070586718583606
VHL14386,10.150653582128548
VHL11341,10.531763361679094
VHL18683,8.375929649196848
VHL13430,15.571443029777962
VHL18932,3.062831779026515
VHL17505,7.547721353914596
VHL16272,4.861238236345152
VHL14777,2.765133787186783
VHL13186,8.555026308324395
VHL19383,1.6619698577145694
VHL14605,12.883251525719013
VHL11440,23.849961347781566
VHL14303,12.901512919448166
VHL19478,3.981568176101697
VHL17837,2.18399253134623
VHL12824,3.991208034332387
VHL17476,5.23557571048446
VHL18988,2.369858597220948
VHL19482,6.760016179320362
VHL13263,4.033520372206956
VHL17078,10.159274751943178
VHL19170,2.514116676263112
VHL18070,2.7561164316276368
VHL18061,14.411394179112392
VHL10726,1.9977952696662384
VHL19212,2.8430417419229643
VHL13283,3.0762268412659113
VHL14023,6.600699108936169
VHL16973,36.341855187666155
VHL19653,16.339050550960557
VHL18605,11.535801040822923
VHL13287,11.255256578462479
VHL15719,2.048045763931325
VHL19636,6.273944718839067
VHL11009,10.610840117830971
VHL18087,4.937623955693046
VHL14422,4.129661545362805
VHL15789,25.06119236059199
VHL12369,4.348137422221857
VHL15812,4.118300489505787
VHL18767,134.57221110536815
VHL19271,27.56619907664183
VHL17403,3.1496310037152764
VHL12967,4.943000469654949
VHL19998,8.542448091367481
VHL12336,3.560668801413532
VHL10328,3.021477071368962
VHL18908,1.6151304517676313
VHL11127,6.398711773631322
VHL12655,14.778977039689767
VHL19086,22.816520995376628
VHL10384,10.093480936273279
VHL15712,13.540445459861862
VHL11054,18.52753670538608
VHL16505,4.513252954062773
VHL10534,2.799888659901618
VHL14120,3.3840094560296037
VHL10206,6.598860449383257
VHL13595,14.080628266974028
VHL15887,5.247317971264378
VHL12672,5.153468441243108
VHL19770,5.05472365859732
VHL13026,15.748816774908013
VHL12635,9.377477670264044
VHL14014,7.607397074931993
VHL19238,3.815743328532716
VHL18156,6.401783315853912
VHL13087,6.347736547801324
VHL13743,2.876512605838248
VHL19323,77.32456329550207
VHL16129,7.378949562831396
VHL17626,4.955447485844992
VHL14525,1.426663522887462
VHL15597,69.61113984142902
VHL19429,8.514917463352571
VHL14074,10.053623021113442
VHL17422,111.28341155938672
VHL11861,25.6972492822554
VHL19828,21.71937851377823
VHL14000,5.033876673863675
VHL12312,5.554524483213822
VHL16257,2.242664607732003
VHL14859,4.161947864422245
VHL16048,3.3814917781448535
VHL14039,1.5748372357323333
VHL10296,1.8160455289220045
VHL14949,1.8498869279426309
VHL17034,24.249650796044023
VHL17149,20.47718008897756
VHL19677,6.731043422149983
VHL14433,4.7934466617999565
VHL16582,5.864512486560313
VHL10059,7.717831105036129
VHL17140,13.999781273025423
VHL10364,4.5898124272613
VHL16932,5.05268875978623
VHL18587,5.5189849923214815
VHL13635,1.728301488866694
VHL18371,18.30253323199554
VHL19622,14.323350362856468
VHL18669,9.929690938763152
VHL17359,1.817325380115659
VHL19788,10.297896051114638
VHL19078,18.929361246041577
VHL12673,2.6526096248187554
VHL17895,1.899686080721045
VHL18950,22.411071998753908
VHL13562,30.468680684456764
VHL11306,11.110023402622144
VHL15496,5.494888635174827
VHL11927,17.313339237361035
VHL10392,27.575457632799992
VHL14124,4.268752153701252
VHL12586,7.881841371931948
VHL12895,4.806459933133813
VHL18481,4.699204745800449
VHL11310,3.2862815019061116
VHL15810,3.5593336446575883
VHL16037,8.518724715208947
VHL19627,34.63713282211082
VHL11152,10.98187846380817
VHL17698,22.192358374012656
VHL19815,45.97358539074524
VHL18192,3.39139694132256
VHL19720,2.6213979418584414
VHL11686,12.859968487424016
VHL18649,8.419168127817512
VHL12765,6.766308465731784
VHL10026,8.327639576123003
VHL11001,9.26581582929683
VHL13433,6.689356069688808
VHL17827,2.613941579205731
VHL12344,5.153883627314293
VHL17308,58.200136461968796
VHL18722,2.2520515227585833
VHL17199,6.528053408462661
VHL15338,4.122440760318545
VHL16946,5.6606725376492
VHL11039,2.575357100144635
VHL18017,14.97070553916877
VHL15945,17.080792095845975
VHL14724,3.6126585862520293
VHL15314,32.217129670959814
VHL14276,2.5937796238315154
VHL17883,2.509851480146442
VHL14385,9.00569149713995
VHL18665,1.3683245386460707
VHL15936,23.12488203990246
VHL19518,7.427584825685566
VHL13530,2.065527112854068
VHL17861,1.415170460522407
VHL10966,32.75909485258817
VHL11652,8.637567529318876
VHL16641,12.224702744412516
VHL12017,10.271008734337702
VHL14856,2.8567188087153745
VHL16801,4.538590649493744
VHL16814,24.629750199518256
VHL13748,5.05472365859732
VHL13104,12.402223418402496
VHL10022,23.854663912036678
VHL14787,3.164170718751446
VHL19015,3.8064914622976254
VHL11089,4.512580764719935
VHL13873,5.348414042966876
VHL15486,19.29087472279611
VHL13253,1.3696965026780403
VHL15232,1.7827914143009234
VHL18914,6.6692891166821
VHL14922,4.82100607928425
VHL14541,3.442435407650721
VHL15820,20.245399149980507
VHL10710,5.177077657444231
VHL11752,2.4094377808861833
VHL13868,3.690653755316827
VHL17442,19.214690598044548
VHL14571,18.07164690917886
VHL17155,4.024740037022146
VHL11093,7.359090657076422
VHL18280,5.303801162590339
VHL18425,4.214576927747832
VHL10175,2.355410592799374
VHL15307,11.541647944923303
VHL18062,7.4576382157240975
VHL18972,2.534369651885098
VHL11185,5.062606976085043
VHL10343,5.216229813794542
VHL10450,4.369620224975422
VHL19621,6.665333323103671
VHL14502,5.057409188116584
VHL12768,4.9767465034507055
VHL19922,11.256339427815181
VHL10824,12.614834499738645
VHL16646,6.316710253499734
VHL15462,6.60488702484127
VHL15801,6.766308465731784
VHL10322,7.028290364018716
VHL15613,2.437938311989215
VHL17756,5.2831991103654286
VHL16186,16.541769474431998
VHL19061,4.7365713143620525
VHL13446,28.456892135046367
VHL10599,6.688735286747106
VHL18255,15.8654468777361
VHL17948,5.5850561076412575
VHL17616,0.6100471179107791
VHL17664,46.2105041272694
VHL18299,3.700923311216293
VHL18959,10.293393133332511
VHL10473,10.80874341668493
VHL17271,19.81948027542564
VHL19798,7.7248625386685585
VHL17935,60.39651505553269
VHL10245,23.257860729274235
VHL15041,6.7996548333018385
VHL15001,5.31896244701065
VHL16287,2.5582145028740957
VHL13974,30.513466457714674
VHL15764,20.387999930931567
VHL18888,3.842170299255071
VHL14882,7.6709746330726984
VHL19424,5.817209845380114
VHL13785,188.43641597049532
VHL10783,11.180950369187219
VHL19808,4.867541775391646
VHL18890,15.566985599098519
VHL13440,4.540603522020698
VHL13285,7.787927838011252
VHL18805,33.30050627495642
VHL18550,1.9118303976320967
VHL10061,6.866787023781396
VHL18522,16.910219687984743
VHL16813,6.582606341952068
VHL11036,10.860548967694028
VHL12107,22.03217076539374
VHL17826,11.770006947496436
VHL14449,2.3096261219226224
VHL14938,2.433619786669084
VHL14098,14.061678174225602
VHL19241,2.8618201999417385
VHL17856,3.3422908249634977
VHL18900,3.282094763541926
VHL11133,9.394745156471808
VHL11687,25.399338300655955
VHL12719,2.2311630022437536
VHL15531,3.7393829250785897
VHL17329,43.19002589763746
VHL16806,1.6672033010293734
VHL11582,2.0071255378798973
VHL16362,3.90037711675389
VHL11119,2.8442963838677806
VHL13806,30.231949524867076
VHL11733,1.961931736667885
VHL18959,67.71199972176112
VHL17287,3.1009545642637564
VHL11709,5.6636449098234465
VHL19793,5.030140337052042
VHL19880,2.886515336540218
VHL19964,28.683919749128535
VHL12784,15.767970822237166
VHL17371,14.151183639320001
VHL12439,2.0822635146763377
VHL16652,5.626513560863114
VHL17836,7.95254348802735
VHL16597,8.342049135827912
VHL18707,5.741647360791264
VHL16683,9.175898204834745
VHL15365,2.6280243926780047
VHL13507,5.33576654843103
VHL14459,24.580610773013163
VHL19300,5.043643642573506
VHL18418,12.010723100734179
VHL15350,4.086655739577306
VHL15927,4.368108891974022
VHL12985,13.153828985801374
VHL10426,25.29465465274081
VHL10506,4.745096555362297
VHL11042,25.369695027400784
VHL18043,4.9219754887314355
VHL16258,6.976734854758372
VHL19326,7.299283640125725
VHL15424,11.846437615114407
VHL19014,5.460169321244252
VHL11310,7.479180143676253
VHL12927,6.030157252623236
VHL10082,7.089126700420567
VHL10068,7.852127384162493
VHL13660,4.092912087823506
VHL18810,7.571848454348499
VHL17666,26.7229407402974
VHL18022,4.023286533946577
VHL11237,15.629392156122554
VHL17240,13.816244959765509
VHL13512,8.107294629577648
VHL10596,59.665530789257026
VHL10073,6.4341466058946395
VHL13719,2.8114931728495693
VHL10077,1.4129445040150213
VHL13151,4.829679349129679
VHL12499,5.22095729358327
VHL18832,18.604945664301898
VHL16790,8.335435420561712
VHL13880,42.32659423357495
VHL19448,4.891128268880012
VHL15860,5.123553113118872
VHL14538,6.956694332430428
VHL16505,5.501834052519298
VHL11544,18.1549226759166
VHL19830,5.860600882068114
VHL10194,5.350603210068326
VHL15744,4.403120186535982
VHL10957,3.9470361259929674
VHL12568,3.170005646309126
VHL19448,15.358022207006673
VHL14417,2.1198253415741894
VHL10368,7.216314219065528
VHL10806,2.909169280050486
VHL17414,11.663221606938178
VHL14892,2.550900941422951
VHL17933,12.665031053530019
VHL15852,31.606473144430662
VHL10505,26.059184942104615
VHL18345,18.43136655618438
VHL13294,8.09078746765358
VHL18253,11.183906771056773
VHL17152,8.366346709816366
VHL12883,71.96081751856983
VHL16101,18.75987601789489
VHL15563,15.007893578435548
VHL10313,4.158183406716622
VHL18291,1.3346412865108115
VHL13553,5.921644776767883
VHL11440,4.3064073446544
VHL15887,4.729286533694034
VHL17489,15.914777684094242
VHL16271,6.024441293895437
VHL15007,55.11801851375243
VHL15329,15.187540696939427
VHL13826,3.1430637779465465
VHL11568,6.665333323103671
VHL13578,5.256638169176199
VHL16302,3.1296670917555094
VHL12677,4.836330794772895
VHL18866,3.9858957671290107
VHL11976,4.131323977760483
VHL17817,23.12488203990246
VHL16893,2.7384992328668067
VHL11075,2.115633708472719
VHL14865,5.498308351040697
VHL13535,2.804340498951505
VHL16299,26.960204024185128
VHL19327,2.261002353859974
VHL10055,3.1310670569279813
VHL14258,4.465726441115775
VHL11527,2.593143278558632
VHL17682,2.7624523092072164
VHL10073,2.0370009631271033
VHL14599,30.48376971153357
VHL15495,4.185843488387886
VHL13387,1.4568337942684613
VHL19505,5.156164738772416
VHL16307,1.7766994244496512
VHL11034,56.76277396914092
VHL13625,3.2639964900760843
VHL19623,7.358284357462688
VHL10838,3.095953359394702
VHL11711,3.8060255601863333
VHL14148,3.457070217463065
VHL15745,1.1817232925231664
VHL15705,3.9058945563877523
VHL14767,17.686031922540927
VHL10108,4.131723275495839
VHL17818,3.4978231747275297
VHL18324,7.585082904795627
VHL19741,21.520434203416585
VHL11815,6.224478168338161
VHL18939,6.9293209916878125
VHL18042,1.3176595019325246
VHL13176,1.6729519635438244
VHL16859,5.172939368347968
VHL14405,3.283009789108134
VHL14751,31.4808319647467
VHL18416,4.16344021445874
VHL13952,8.366346709816366
VHL14726,3.201068334122587
VHL11889,9.038241325668912
VHL12851,23.75377804750843
VHL12862,5.464245462527309
VHL14262,2.833392100597168
VHL13520,6.961318415913752
VHL14967,3.4717726431991807
VHL14728,4.846690726745611
VHL15340,6.350957171256989
VHL14760,6.587531507774697
VHL18498,3.3206880195852397
VHL18440,3.6766647837583393
VHL18477,6.976029574022462
VHL16456,7.4947037350409875
VHL19596,2.555581937816112
VHL19616,15.820354935537054
VHL12885,10.229911287267416
VHL13080,2.564517360058971
VHL10988,6.271927748043183
VHL16251,2.622179496771402
VHL16941,5.142529373793537
VHL19708,8.228134466155543
VHL13116,21.723414753851557
VHL17823,5.442091744093769
VHL14587,12.808459783622222
VHL16807,3.534675931643707
VHL15706,7.585082904795627
VHL19568,5.898558886072593
VHL12877,19.88409250591881
VHL16412,1.498673308123427
VHL18036,65.18250384786037
VHL16860,22.897249618354913
VHL14755,3.43499464426322
VHL19234,29.172750533895897
VHL13272,2.57113186124473
VHL16892,2.616200822701754
VHL17413,14.178726762228138
VHL18817,2.089453551830371
VHL11681,8.311079144458073
VHL10192,33.62495949223057
VHL16374,7.543151092464387
VHL17630,8.508980198190063
VHL15610,1.9379020223446386
VHL11364,3.214839919602762
VHL13136,23.32977822055301
VHL10038,8.15283218920815
VHL12580,5.7697761404717856
VHL14253,8.727914299890566
VHL17421,13.10931011758521
VHL15458,3.1777632567055223
VHL12574,3.92881356473504
VHL14109,12.243239598840407
VHL15943,5.4151648190170265
VHL17404,4.831213191292635
VHL14940,10.588479860403757
VHL16625,11.266746180593344
VHL12066,3.90859026603666
VHL12899,5.970447262092479
VHL11652,6.605513411225592
VHL17554,100.59558047475507
VHL11567,11.142850079582427
VHL10163,5.366575476556792
VHL10355,14.132354431573358
VHL12041,4.311778232157949
VHL13416,9.17485909055691
VHL15974,2.3079943554344897
VHL12082,4.757280377566405
VHL12319,2.874448391710624
VHL12556,5.103972124705473
VHL18675,5.656195782392366
VHL13381,1.791899499826919
VHL14325,44.84072945603555
VHL15875,4.736484932630047
VHL10638,4.920705888222716
VHL10544,3.602958058335557
VHL11654,3.2785289063705036
VHL14423,1.2361389335163984
VHL14569,5.555775589049615
VHL15007,1.6807719418711362
VHL18221,32.277661084314374
VHL10785,1.7131356601081513
VHL16546,3.0712018534758068
VHL19173,8.155600742205948
VHL11731,11.93097178181764
VHL18180,5.056228296146958
VHL19452,4.110059352371495
VHL16163,9.69079336063718
VHL14877,5.189587990297287
VHL10102,70.21304480061768
VHL16046,14.769542633041741
VHL13684,16.12321509419058
VHL18749,51.1508290828571
VHL15304,9.103942366989713
VHL10117,48.808815791716384
VHL19957,1.72598823767485
VHL19132,2.4781778999599746
VHL15383,11.070951979231376
VHL10136,24.862648358457275
VHL17919,3.7670273889001877
VHL11444,3.639071187536044
VHL18795,20.069357304306916
VHL12062,5.600080634669476
VHL15890,9.988990636400331
VHL17372,43.804728130468305
VHL12038,13.342490318574505
VHL19368,3.0379024231191734
VHL10476,4.9402824932585725
VHL14079,2.8712548139166922
VHL10401,3.5996049978729667
VHL12810,48.408796024469225
VHL19466,1.901685671429329
VHL15757,5.005541868658348
VHL15894,2.612978215435382
VHL18056,10.1785985176404
VHL16634,4.764559595092721
VHL16608,5.303801162590339
VHL19831,2.4349549067249874
VHL13863,14.65487059957626
VHL11159,5.214069553867247
VHL15412,16.30476632343929
VHL10730,4.05566486814586
VHL17248,3.3616444901951326
VHL16421,15.57881108333996
VHL11328,8.02711338171734
VHL18439,4.790745506436454
VHL12340,5.722933742336037
VHL10461,4.964514972706381
VHL15024,4.861324678845775
VHL11850,11.785582311681896
VHL16423,10.260872537527971
VHL16427,10.044237854520379
VHL13444,2.192442660034554
VHL16609,1.4655419801190424
VHL11522,5.558469652903114
VHL11433,12.258810444792227
VHL15853,2.9051561722690034
VHL14168,4.040062324042839
VHL19004,9.86720831287402
VHL10827,18.5940785413353
VHL19998,5.206667566597372
VHL14997,3.0081139969703514
VHL15827,8.09078746765358
VHL18844,2.7959209622778873
VHL10076,5.564604735915543
VHL16342,1.9662021618660634
VHL19420,3.9248492858903044
VHL12762,4.924541098526701
VHL16916,2.2710768415102045
VHL10660,5.04917250764705
VHL18142,7.252211383350213
VHL13721,4.425897135413914
VHL18101,4.609114183247483
VHL11732,2.9514050841827855
VHL14351,4.599636368243617
VHL16617,3.4498103666876134
VHL13840,4.422141551539255
VHL10596,3.4872822670816874
VHL19148,2.205939548738156
VHL16845,13.410058477665942
VHL17262,9.530530338720514
VHL17801,6.167201401338322
VHL18039,29.315603005601815
VHL15369,8.974944637620691
VHL14483,4.547405613836796
VHL19700,6.927152478216942
VHL15877,17.081269141505082
VHL15552,10.985021629017321
VHL18756,15.084106467592989
VHL10301,15.48492781746936
VHL17678,3.491854889330667
VHL17604,2.089453551830371
VHL17969,70.21304480061768
VHL17089,7.4150175309765185
VHL13239,64.76748762088448
VHL12466,5.2283410641303245
VHL16020,14.178726762228138
VHL15014,5.316289904046882
VHL13302,4.04305262503321
VHL17986,5.220984339437765
VHL14724,6.482201273885505
VHL15147,3.977154059009899
VHL15325,3.667036008000057
VHL16131,6.782276733667762
VHL14868,1.9987110559765413
VHL15382,26.082419969180364
VHL12164,7.7248625386685585
VHL11723,4.650647190130274
VHL14888,4.659826357176191
VHL17997,3.7677737902282145
VHL11576,5.509892578744186
VHL16048,5.291044481244563
VHL17795,7.37624564640201
VHL15642,5.760657591889969
VHL13953,4.412425666072336
VHL10189,14.178726762228138
VHL13338,5.439178452346357
VHL19247,36.15165987529226
VHL16429,18.038662231618076
VHL10272,2.374383507094392
VHL12716,3.186104992069999
VHL12652,5.96446565211754
VHL13545,10.441714222846114
VHL11323,4.1355282500963115
VHL15121,20.762481876283356
VHL17568,10.888841409020666
VHL11886,4.688698124601464
VHL17402,10.054371881126922
VHL10243,8.449490136383151
VHL13407,2.1678323379604993
VHL12149,3.0297638185227753
VHL11037,8.97170721419285
VHL17924,6.0103977673642515
VHL12180,12.484680964702989
VHL14683,7.644360891455525
VHL18920,4.044862836623959
VHL12024,3.853539530791084
VHL13968,74.47358682280075
VHL11079,1.8061818770611846
VHL14355,1.4051492399122891
VHL11824,2.2196983602906224
VHL19942,4.5624768372318645
VHL12917,30.445416793304112
VHL15326,43.82461393953595
VHL13585,3.9636370713254943
VHL12069,4.645593949348557
VHL17056,8.790260497927639
VHL10515,9.600050863062684
VHL16435,3.5838228804360908
VHL17564,1.9638799383845424
VHL18798,3.6471016786150487
VHL10222,5.561462476064362
VHL17645,3.4557424136640558
VHL10810,2.3313978581248556
VHL14216,4.1441882736260425
VHL13799,3.6820487568389693
VHL19965,4.084386531910331
VHL18568,11.245053718561463
VHL17957,4.840147756247699
VHL11023,8.314298325006993
VHL17797,5.121017954068944
VHL16174,9.654744006577626
VHL15112,3.0965534872048814
VHL10167,4.118458323240314
VHL18749,5.331895093929489
VHL16276,9.795627899696743
VHL15593,13.48916235713639
VHL18474,4.860124511947741
VHL13000,5.768232266573191
VHL10796,4.66236251101611
VHL16443,26.69079969317803
VHL13954,8.730142330770999
VHL12761,6.9674589834352245
VHL17916,9.80332734030298
VHL13145,15.785640112220122
VHL19331,14.841187009106253
VHL15623,20.823287137687977
VHL13922,16.22144630457659
VHL11222,4.324185075261626
VHL15425,15.041947387923916
VHL19072,3.994120468118942
VHL18649,11.016141562161241
VHL14730,1.4913562179479094
VHL12512,10.31145055128999
VHL18486,1.1538225099511774
VHL13182,6.26578998208715
VHL19735,8.578116042004797
VHL13370,30.947636470988517
VHL15038,10.531763361679094
VHL13034,4.144400277317426
VHL16581,21.57510486509392
VHL12113,6.467248513547217
VHL16914,20.71253689468403
VHL18231,26.186243014091836
VHL14192,4.1415339155090445
VHL10404,4.4647002161769915
VHL10084,28.0123061329566
VHL13855,19.23904394667929
VHL14027,4.0226264965361445
VHL16209,3.0821115322023713
VHL11144,22.152049115916174
VHL18646,6.247403631868545
VHL16431,6.535113241031889
VHL16873,3.8550603519619377
VHL19594,14.989181906843887
VHL18630,6.360244294274173
VHL17288,4.668431784002481
VHL13113,3.8064914622976254
VHL18865,4.8330737506905805
VHL18260,5.525375783905448
VHL13198,5.166568785036157
VHL11475,4.449034252209726
VHL18584,10.923497662692188
VHL14768,41.318329240415345
VHL16073,5.156164738772416
VHL15742,4.36082035822438
VHL18879,1.9283124489362322
VHL12038,3.552599792748228
VHL19728,8.875718480060659
VHL17986,3.292722915012347
VHL18819,3.3320873037083674
VHL12225,1.2080107285474462
VHL19157,7.671511039990063
VHL19615,4.606147363058281
VHL17175,3.562146388625217
VHL13050,8.657241922673867
VHL13123,2.125540331978896
VHL16065,1.8474240237117492
VHL12484,2.6140220777254988
VHL11338,14.534608230207919
VHL17289,2.8308623603495606
VHL15447,1.890000044784363
VHL18803,7.449692164592638
VHL18294,5.356016022925775
VHL15133,5.249923693440955
VHL10657,3.648224231714466
VHL10619,6.958267355609576
VHL17912,11.770006947496436
VHL18164,7.96242911049716
VHL14504,5.111541614005451
VHL18885,4.052721252494953
VHL10118,5.073448038739261
VHL17852,4.096713154192605
VHL18834,8.923373543025306
VHL11508,4.11534065662664
VHL17633,1.6515827379029488
VHL15893,5.61242887061732
VHL14089,10.563488436838433
VHL18800,61.00909964531659
VHL12314,2.26634084076389
VHL18047,15.999955291799855
VHL11118,4.9743170440256606
VHL17922,3.9869114905713587
VHL17121,2.3231859781318906
VHL13960,6.076201935526478
VHL15350,4.6146867549840795
VHL17939,5.285587507445456
VHL11888,6.789913304171364
VHL17044,4.88097552301466
VHL10290,29.07936840820694
VHL19497,15.6924027576647
VHL17807,9.130281921883608
VHL11467,59.67088621702927
VHL14703,15.016413838618309
VHL17518,7.139391723734728
VHL19578,1.8997563407856592
VHL10425,26.255269863837707
VHL11304,1.3925364012857364
VHL10086,5.184749680557825
VHL19512,2.21439227021149
VHL13350,3.5602277375135736
VHL12694,68.27957260348455
VHL12838,41.796100018563685
VHL16255,2.188701542412167
VHL15196,8.498641792290126
VHL16844,6.2178240351814
VHL10977,5.597506917061333
VHL18145,12.480340342902554
VHL12297,2.9743309717883832
VHL15274,10.348149642263689
VHL15478,6.411055339091881
VHL16940,2.833107841763206
VHL14407,1.6363152385662545
VHL19544,6.31793972252075
VHL10519,29.74578409993548
VHL16928,1.5245904578196288
VHL11692,5.851224368054962
VHL15180,8.09078746765358
VHL19040,3.102833678046575
VHL11628,4.857804169719744
VHL19845,3.512756053119047
VHL16574,71.9324962107859
VHL14807,6.00258834729705
VHL11188,26.132800921673084
VHL18077,45.63873765608012
VHL14836,4.4339816292355225
VHL13406,2.9135510942676768
VHL18365,1.994598911974266
VHL18328,2.095930723745611
VHL14695,4.240997818006873
VHL12724,5.119551839413357
VHL10202,4.668944943029943
VHL12815,1.8962195744050034
VHL12630,18.238909381642266
VHL14283,11.81609245626798
VHL18698,3.397874163419817
VHL10141,3.354457428618544
VHL16204,7.096496007297764
VHL11310,8.435050891661037
VHL18878,4.414796507740168
VHL19310,5.783380286334822
VHL18219,6.803180159020035
VHL13108,4.7668992225274485
VHL14070,19.886817972739884
VHL16891,4.831460802109397
VHL10398,5.256638169176199
VHL12755,4.02506464573388
VHL12995,4.964514972706381
VHL12158,5.307186793228221
VHL17814,27.50430302688191
VHL15098,1.9121412826394164
VHL13066,6.805727897089044
VHL13362,5.057409188116584
VHL13443,1.4955188263372672
VHL18173,1.8734250936179375
VHL16277,10.59468208365531
VHL17380,5.282432757341524
VHL18129,6.614320285673701
VHL11891,2.3125224726741025
VHL11042,5.405197246339304
VHL16137,3.011673649024807
VHL13400,1.8796326960943475
VHL19399,24.439474827427837
VHL16723,5.511785626233441
VHL12416,7.654030754864155
VHL10350,2.9780283965821908
VHL13811,2.05917063736588
VHL13916,5.350603210068326
VHL11857,3.2483515162573275
VHL12040,3.7096062115291537
VHL10872,10.487619333736518
VHL14351,25.99067896931954
VHL18230,6.014458517861354
VHL14851,19.68987702606618
VHL19426,7.295641361931014
VHL12795,5.138918994640852
VHL16882,28.373537454513013
VHL15924,5.13932362104628
VHL10807,2.5370497013076694
VHL10611,2.8573839898602946
VHL15296,4.5644453704727095
VHL11333,5.548790073754416
VHL18616,3.0852212302532203
VHL15633,4.38512844581187
VHL15157,2.4259867983673855
VHL16982,1.8038007224947648
VHL13879,27.61561598184327
VHL17585,5.102500315259117
VHL13116,2.5726550088372493
VHL16982,3.421611756621696
VHL18017,8.597264049073365
VHL19155,9.406654173337625
VHL19997,2.9162704950716676
VHL19660,6.26578998208715
VHL19990,7.036455094128748
VHL13582,4.849518383780728
VHL15998,10.87852755141848
VHL13285,1.3441403332285475
VHL16586,4.030609734739182
VHL15120,5.408707998639628
VHL14954,6.6288264785285325
VHL18066,2.2788854313178
VHL13559,5.368260487773943
VHL14707,7.809944160023865
VHL12562,6.957964276644333
VHL15527,2.420867480096449
VHL12878,7.185291881255459
VHL12507,2.88278791845052
VHL14699,1.7613594034618216
VHL14730,11.81609245626798
VHL16614,8.111985460354335
VHL13024,5.500805758054765
VHL19915,10.055631832822671
VHL13101,4.2523380486243125
VHL13052,2.0605960003099786
VHL19820,30.19214581356143
VHL11562,2.7782826633253928
VHL16424,17.735551257638384
VHL10876,11.756345759088912
VHL12199,5.192652436243048
VHL17320,7.572623318038898
VHL13599,3.104695247449243
VHL15761,4.110535096675919
VHL12114,2.73555554135764
VHL14797,3.9413956350189197
VHL10360,8.088078217837419
VHL11344,19.35366129442887
VHL13709,2.068331943264945
VHL19962,11.915933723768635
VHL11021,3.9962429815618763
VHL11988,7.3416677571376825
VHL18459,4.676155294594357
VHL12547,7.3517315505603325
VHL17688,12.750295376533936
VHL10267,14.061257838178005
VHL17363,11.594157622070668
VHL19946,14.012910004480002
VHL17698,5.641084897460676
VHL10234,1.0016653109537943
VHL13897,12.597118288301925
VHL13543,3.121544597051022
VHL11002,9.292595716741125
VHL19102,4.226369386376533
VHL17633,83.60142271654188
VHL18124,4.61820767204972
VHL16120,3.1181470056460023
VHL19186,7.165674928197096
VHL18664,5.880772875838726
VHL17083,35.10638108482398
VHL13077,8.564556142211995
VHL17267,7.071106483123415
VHL18565,10.159456731272575
VHL13814,10.469783579136394
VHL18967,14.224465104076572
VHL13503,5.629264782358276
VHL13644,2.4339008411029903
VHL17079,3.0811863530581887
VHL15239,8.366346709816366
VHL17245,2.4441349769693943
VHL10153,99.74045537772432
VHL19693,3.614311588503301
VHL10773,4.672625368588276
VHL11413,2.660637246033862
VHL10223,14.290610572608278
VHL18530,1.5653936632650836
VHL12551,4.596029946895913
VHL17602,4.433748210884795
VHL13375,21.08801741494945
VHL13337,22.11298079041628
VHL18551,7.087733286218155
VHL17882,3.4430143238379705
VHL17761,4.533493961162018
VHL12646,5.3199630366676995
VHL15219,8.377774444811685
VHL14365,5.986041624855886
VHL16915,2.84317386348149
VHL10906,2.973953257389971
VHL13513,2.5514381856994754
VHL14542,7.556339969141246
VHL14200,5.526320093049357
VHL18013,9.067443091506586
VHL14772,9.719773998441294
VHL13641,8.160671061608562
VHL15001,3.332231164907572
VHL10409,5.479182073820342
VHL12698,6.782276733667762
VHL14128,4.371337478858744
VHL10621,5.05472365859732
VHL13729,9.394745156471808
VHL16191,6.859526767207652
VHL11188,10.40351268109556
VHL14810,24.09623139576538
VHL16357,1.1025024185750325
VHL18353,4.023286533946577
VHL15843,5.974925054543917
VHL10210,3.818941974980548
VHL17457,4.759840706058742
VHL11022,10.951404367697531
VHL16541,4.610490111159457
VHL17647,3.304249380634073
VHL11229,48.080653380186675
VHL17996,3.393192007225012
VHL17089,3.211997589327776
VHL19543,14.132354431573358
VHL19715,28.43884530726268
VHL17944,8.366346709816366
VHL16820,25.88092619169215
VHL14857,10.617527183340975
VHL17512,4.552823340421047
VHL16649,11.846437615114407
VHL14838,12.571006556648742
VHL14568,4.982793908412157
VHL17525,8.003415316381064
VHL16117,5.470460421959865
VHL13135,5.600710427421808
VHL19812,4.288283278782999
VHL17027,4.095878203718399
VHL14654,5.081179181016608
VHL12420,9.251603664504623
VHL10360,9.981833931486914
VHL13629,13.426871451169498
VHL16737,7.356771426759975
VHL15446,5.557686902882914
VHL10946,4.015334580133933
VHL13953,1.9576483076657591
VHL17303,22.644241082596995
VHL15447,3.7227467181037497
VHL12854,6.803180159020035
VHL12567,5.202994648407054
VHL19137,3.4430143238379705
VHL19411,4.351779532274159
VHL10923,2.531372716574998
VHL17236,5.765294642304843
VHL19462,41.77841219301412
VHL13097,5.132301795379034
VHL19969,4.579192127889678
VHL11860,3.7677737902282145
VHL18943,3.4047569662196793
VHL11672,14.322764443831478
VHL10815,4.546983192717692
VHL16245,4.267020153953352
VHL14969,13.223631549637608
VHL19652,3.81712159506928
VHL11330,2.805301119868327
VHL19827,18.229877646366667
VHL10484,3.324939185754154
VHL11394,1.176678968208855
VHL18787,28.20385184048081
VHL11803,4.659826357176191
VHL12784,13.70810105786891
VHL17216,12.428242126398912
VHL10033,10.431987344318792
VHL11776,2.1513546997750184
VHL14947,9.25939746341228
VHL17522,6.563310087796417
VHL14197,3.668887640867993
VHL13071,3.0076760797487387
VHL17406,3.45673216126199
VHL12174,13.548323427705123
VHL12440,2.0451978017820283
VHL12462,5.656446274933165
VHL12158,7.351284307988541
VHL14899,4.16344021445874
VHL11281,11.508900639759304
VHL10913,15.947495163767362
VHL19630,4.540189818578463
VHL19709,4.36599773104961
VHL14819,8.382570687167826
VHL15381,2.4639930372645296
VHL14781,2.7852349017940536
VHL18728,9.122118626162642
VHL16520,3.075225126258747
VHL10643,64.58625536564143
VHL19438,8.875718480060659
VHL14103,1.5227317688758837
VHL19088,3.0770004891099
VHL15456,7.938719174154501
VHL16411,23.350131947575864
VHL19044,2.212757701794289
VHL15194,16.735635481436937
VHL11490,3.8140838402297073
VHL13904,4.989627388790839
VHL15148,17.065623986388207
VHL10918,7.804109554811424
VHL19119,27.71371736781622
VHL10313,18.618298382906374
VHL17176,28.255228352729723
VHL17166,4.83483573186751
VHL11166,4.527647696765888
VHL19144,13.210949460703976
VHL17259,40.921500289444
VHL11965,18.880293173222604
VHL13791,2.1729916580631357
VHL12309,8.635271612058705
VHL18687,1.4815454247690671
VHL10199,5.4718179787205345
VHL18562,8.848489154496898
VHL14042,15.566985599098519
VHL19017,7.601977998369887
VHL18805,3.222784209137046
VHL18622,9.846675700899278
VHL14045,37.573877922801714
VHL17010,5.6529385620445405
VHL16993,3.1670085655267806
VHL16050,5.993315275420814
VHL16363,2.719217140485293
VHL10287,2.584946046030145
VHL19873,24.862648358457275
VHL15450,7.37624564640201
VHL14789,5.399101406967992
VHL14379,2.3647312019429
VHL10911,6.301964384664304
VHL10449,13.499291551781013
VHL19705,6.969544249472506
VHL14766,12.746497569105061
VHL16203,9.394745156471808
VHL14855,3.19223450395078
VHL14661,105.98426287092339
VHL19859,1.973550790536334
VHL14028,3.752366543888558
VHL14991,2.4270735936000194
VHL15291,4.919475240510083
VHL16047,10.008784085436544
VHL12253,4.66236251101611
VHL10428,4.445255124513372
VHL15237,57.84138936531694
VHL16101,6.954659934497547
VHL16143,20.24706456882258
VHL10257,18.152463258554178
VHL16662,39.23624280494653
VHL19799,24.546201629162816
VHL14241,5.815798287497674
VHL17705,13.54363131237243
VHL17529,1.7745995864644424
VHL15191,4.340745027040861
VHL17451,5.303801162590339
VHL17879,2.8803300347002057
VHL19264,3.3110622318669938
VHL19009,24.32965921980344
VHL10568,5.085375489285348
VHL19545,6.766308465731784
VHL16822,6.615111204839748
VHL10957,23.5335025308189
VHL15607,5.534169138870941
VHL12093,131.50706226212225
VHL19096,23.734911516031996
VHL18288,4.5506461351206635
VHL11310,6.067759742093084
VHL19333,9.530530338720514
VHL13823,15.181460702113615
VHL19965,4.849330852481389
VHL16917,4.999764553225577
VHL11177,1.9958949230848595
VHL16853,21.797968443365
VHL18554,37.15599295167792
VHL18562,9.901117594544306
VHL10753,7.5177879052510805
VHL16804,4.788477831314505
VHL18774,19.63127907613964
VHL15561,4.186763588100336
VHL12265,9.059095692556443
VHL10021,6.377127202410534
VHL18216,5.085375489285348
VHL18297,35.10638108482398
VHL15781,2.163798293440203
VHL12134,3.671871247166682
VHL12909,5.4387350054572465
VHL19963,17.541953224909392
VHL16014,3.404569506218734
VHL14675,5.251449524347434
VHL19999,3.2417131245393187
VHL15433,3.404569506218734
VHL12937,4.067367199171688
VHL11373,32.29304988739217
VHL17859,2.116082351754213
VHL10314,13.059538770311411
VHL18773,6.051129423991499
VHL16942,5.125680370339291
VHL18334,3.0686995331621683
VHL17910,3.787928394349997
VHL18494,5.990728045079649
VHL12860,3.3903410354879724
VHL10204,10.278490518797582
VHL19924,14.43521695731898
VHL13255,3.8262455541359683
VHL12057,7.8832742086302945
VHL19296,15.460717672790306
VHL10104,12.46718801432252
VHL14185,14.516452664410002
VHL15914,2.91696061116585
VHL11633,5.572094343534562
VHL10331,2.5919560406009965
VHL15981,7.100261220626689
VHL18376,8.030992234570599
VHL14890,7.7678765434614405
VHL14283,18.860476118737054
VHL15877,2.2019931891924225
VHL10019,7.814358061965665
VHL10439,2.236663880780457
VHL18436,51.75433936323806
VHL11989,4.106745302383954
VHL19813,10.117849483342525
VHL15869,11.355179710608486
VHL13464,4.867541775391646
VHL14974,4.896175543654311
VHL13446,3.6234165999910664
VHL11326,5.5010114706384865
VHL12561,2.5066056033456228
VHL12421,6.803180159020035
VHL15061,7.359090657076422
VHL16174,10.33506791336105
VHL14500,18.915674171025007
VHL16937,15.175272442444859
VHL13576,28.85475103549942
VHL12458,3.8097533801377055
VHL11965,8.14027516496408
VHL11890,4.770162497864231
VHL14930,4.929419095434096
VHL16445,4.181958259564227
VHL11308,17.686031922540927
VHL17652,5.430118033535731
VHL13004,15.568425683341403
VHL10262,6.831905207301139
VHL13111,2.035323724469643
VHL13568,8.015802389642783
VHL12606,6.355502148067054
VHL15786,8.197738391516243
VHL11054,43.94930759210258
VHL15167,3.524514150386755
VHL14716,38.583802255124326
VHL11763,4.721673943745129
VHL17885,6.041662268510671
VHL16048,4.067902670136716
VHL17032,6.843582802199792
VHL10344,11.070951979231376
VHL13463,5.761632627516579
VHL12903,4.035641992583075
VHL14551,34.23395778235625
VHL14763,5.227092764417751
VHL19270,10.007650756982223
VHL12817,6.876420284785721
VHL18354,4.927144799975396
VHL12185,3.22234721069798
VHL14983,24.583435207292187
VHL15530,9.55172455007963
VHL15827,5.84223016511608
VHL14886,42.67409831396709
VHL17643,4.16559749036171
VHL16987,8.797883437247009
VHL14294,8.76552758981636
VHL16175,13.377145506380339
VHL18639,5.032979725108665
VHL13640,4.719431839126811
VHL17895,2.6505236557357583
VHL19307,5.33551205145765
VHL19436,2.347722950831103
VHL19809,17.66290959376002
VHL10638,2.1146980874580033
VHL13859,2.004379100019397
VHL11640,5.0787797500816065
VHL13661,5.158053061856498
VHL15523,4.283602807336555
VHL12838,7.272752234815693
VHL11312,3.2975553303562877
VHL12699,7.232904001634613
VHL14640,1.0964699572039511
VHL17666,11.586251353917673
VHL14903,10.073290843349247
VHL13835,7.460013151618805
VHL15635,17.11451576034441
VHL19827,19.386946931651018
VHL14808,6.979245218199071
VHL16208,5.085375489285348
VHL18605,3.458992150364858
VHL19751,6.313255231249393
VHL17664,12.29602338538395
VHL12588,5.317522343667702
VHL17702,23.004516114031482
VHL10842,3.8202926272205984
VHL19609,30.75396921386034
VHL12767,2.522600229198081
VHL13680,12.368590780045505
VHL13507,3.63909953702505
VHL16160,8.660694646192463
VHL13555,1.184510966355263
VHL18088,4.14215267498396
VHL16428,2.9013674535809844
VHL11278,1.0119145784208183
VHL17567,8.754807833264696
VHL16715,4.092075965888289
VHL15486,2.936681794862201
VHL10286,5.971480255450862
VHL13344,3.0628094353459665
VHL17544,8.17332766532269
VHL12579,10.27185018943391
VHL19966,3.915304758212738
VHL12989,3.335641540201731
VHL18968,11.302325067489534
VHL16423,4.926654651276901
VHL15852,25.74183946789812
VHL16298,13.204957378894145
VHL13399,2.6286161217336392
VHL11381,82.166681497988
VHL18329,44.42124758791637
VHL13335,3.218652581623476
VHL11885,7.826202783670846
VHL19284,6.161629753246781
VHL12612,12.605497317432249
VHL15522,5.796566066067841
VHL16059,10.978726026277041
VHL10388,10.44348422129843
VHL10025,21.08801741494945
VHL14629,2.2193062418181375
VHL10790,2.9398628222270076
VHL17966,3.995220451261356
VHL12843,8.123477070263515
VHL11996,2.874957370503032
VHL15688,11.167259170632388
VHL13110,5.603858938483148
VHL19865,22.88275701846953
VHL13379,4.205440189800049
VHL18639,4.759871162109138
VHL16928,15.566985599098519
VHL11725,79.81657032270955
VHL11355,3.1902004669451935
VHL17560,6.816854304914083
VHL11885,4.078281854032913
VHL12995,28.458898807173778
VHL11751,5.119494612878415
VHL14633,22.95514869590914
VHL16853,5.403716447616647
VHL14501,10.268095448300324
VHL13938,9.87867004934665
VHL12329,2.5436089278479868
VHL10067,6.930547456236866
VHL19818,13.33905240919618
VHL12785,4.919475240510083
VHL13874,5.11412976879856
VHL18142,27.485639462018963
VHL14855,10.01822180140615
VHL12147,14.61308969932216
VHL15256,18.608530615512034
VHL13751,7.1501487042476715
VHL17863,4.867541775391646
VHL13981,10.37539075679995
VHL18916,4.668944943029943
VHL19492,5.2283410641303245
VHL16004,41.20755817302734
VHL15913,1.3264181022664825
VHL16871,7.370340883733315
VHL11388,4.964514972706381
VHL15019,3.9664847377612262
VHL11934,1.032228828977974
VHL19784,4.18854682691387
VHL12593,7.894685448895738
VHL15836,14.8246915394827
VHL17034,2.03044760495117
VHL14607,8.31192753051854
VHL17105,15.566985599098519
VHL18773,4.157769803047988
VHL12684,31.150184322831997
VHL17154,4.780179529964076
VHL10849,7.6239585004325034
VHL12067,4.222415212158269
VHL14247,6.5236050909476635
VHL18581,3.3250729450682655
VHL18516,5.243009344531332
VHL17684,2.5926862279292946
VHL17215,1.5473384943210589
VHL15232,21.21835971672009
VHL19310,10.679475816546868
VHL12120,4.792823349851794
VHL15455,10.685403050742709
VHL10132,4.774580875304114
VHL12356,12.919035982717455
VHL16995,9.994662690669369
VHL15752,15.954301537817702
VHL12151,11.120855779708574
VHL11902,517.7452671016223
VHL17808,2.1498360729957993
VHL17592,1.9442172998315712
VHL16636,7.019586953698122
VHL11497,5.0143799768014485
VHL17774,16.099551540115765
VHL15919,3.172997828753714
VHL15172,2.575357100144635
VHL11820,3.210201919245004
VHL13093,27.67073274631905
VHL17445,18.14408042183693
VHL18989,2.2644134686667265
VHL10713,3.6551102654247245
VHL14240,2.3828250392493007
VHL13501,2.97078789160827
VHL18215,8.201358284926462
VHL14878,28.445459055207586
VHL19143,4.258195886690235
VHL10173,7.512264280807434
VHL16962,12.2855196452468
VHL15384,2.3246274884534395
VHL13844,5.17542445610903
VHL11998,2.617784451000718
VHL10444,2.0297409546883287
VHL19655,6.041662268510671
VHL18921,8.561459965540603
VHL11774,12.762202602086
VHL15490,0.8614290561791117
VHL18694,8.488361897563005
VHL10360,5.771521060688498
VHL18707,4.506823943179961
VHL15801,3.9021036278688053
VHL17931,11.33356703205984
VHL16716,11.770006947496436
VHL11290,4.636983731191113
VHL18180,3.7740517684402377
VHL19935,2.6638032496518984
VHL16593,7.064603002593204
VHL17349,1.514744954887533
VHL18705,6.784192961331678
VHL18527,7.8552349066152845
VHL18577,3.380736453761384
VHL15369,17.147080463230022
VHL16140,9.038241325668912
VHL11458,4.230751129508912
VHL13652,3.74163594411689
VHL13470,10.756613982153201
VHL17609,5.092042903433553
VHL16953,1.606889037814165
VHL19670,13.476584101565692
VHL16517,2.3918738028439637
VHL12631,12.440175944592564
VHL14338,1.2352690787134675
VHL13224,4.797052210470537
VHL19157,4.690309526598551
VHL10266,1.5162392737627965
VHL11597,7.2345391991263455
VHL16219,7.450528257375711
VHL12828,3.337126666466125
VHL10364,3.8963920633725024
VHL11875,58.10696855133714
VHL10185,2.088627494018669
VHL12097,14.514991263409673
VHL17691,0.9717048411255783
VHL15092,3.9417160449700988
VHL11628,25.796820727659092
VHL13662,4.191871412953033
VHL11486,4.478970749215074
VHL18373,11.256339427815181
VHL16605,28.08844343679693
VHL14670,9.525736026830858
VHL19579,2.5437952138227202
VHL15504,4.207569591147276
VHL18831,3.224621434930247
VHL19404,5.513841300865941
VHL11218,4.484760145918261
VHL13869,32.901160303475706
VHL19846,12.368590780045505
VHL11677,8.377774444811685
VHL17416,3.3070439585902514
VHL13175,4.659826357176191
VHL17965,13.036498247337812
VHL19048,4.942858243249724
VHL18117,2.026441632499326
VHL16742,18.160834282426475
VHL10339,8.408846574975144
VHL14079,3.2346244450210953
VHL17034,5.189411184065056
VHL15903,3.6234165999910664
VHL14643,10.293393133332511
VHL19176,5.185313136127687
VHL16293,6.766308465731784
VHL16573,5.013856509116661
VHL10615,1.8622846209822939
VHL10834,6.78071164196691
VHL13200,6.968581361525642
VHL18949,15.21762098925097
VHL14402,2.3782772087213
VHL16439,7.3765721296723115
VHL14135,7.9476888504459735
VHL10015,1.8030882730822746
VHL10388,3.3865995073471717
VHL17226,4.525341650383687
VHL16884,33.255734930030535
VHL18216,5.01372436314328
VHL19751,5.808373150241501
VHL11071,7.37624564640201
VHL16489,25.88092619169215
VHL12578,7.1173577094296885
VHL10582,9.690478974289832
VHL19617,37.81684149249069
VHL14437,10.849526360850163
VHL11749,4.673626990904479
VHL18131,6.478995399885167
VHL16700,10.14182307772264
VHL14166,6.051129423991499
VHL19100,4.520157246498852
VHL11100,12.277448218202704
VHL17954,31.134273012094866
VHL15065,9.690448096003058
VHL14908,16.960653614425194
VHL11925,11.685439847022359
VHL12725,43.19002589763746
VHL17558,3.5418294191353317
VHL12989,13.224444545656109
VHL11734,19.821643171021183
VHL15324,15.566985599098519
VHL19720,10.781433630994314
VHL17274,1.0927352857554513
VHL10206,10.80874341668493
VHL18355,4.098768198644578
VHL16634,4.540380455964983
VHL15037,4.575288677402881
VHL19446,8.790260497927639
VHL11255,10.79432769848241
VHL18968,6.509418293422465
VHL17262,5.05472365859732
VHL19635,15.35173024718857
VHL13636,5.217165613934095
VHL14827,12.057410854770467
VHL13630,11.060570515405697
VHL18929,3.9432856799226834
VHL18493,17.5357575771722
VHL11970,12.30810253961786
VHL18557,5.006645621297253
VHL16603,6.025360351720157
VHL10144,5.164958131304604
VHL19283,3.409019991152198
VHL14957,3.490164138354738
VHL14521,1.5074674168714601
VHL14631,6.962782562368437
VHL10741,7.295641361931014
VHL18773,5.912595880269771
VHL15546,4.983878465949781
VHL18796,5.558106844246152
VHL16777,7.243775835640184
VHL12667,1.6930474069268482
VHL11806,7.335527876955143
VHL16241,1.3548064293118809
VHL11602,16.075996590470496
VHL10361,5.591313261498723
VHL11563,4.606133974861495
VHL18781,6.7381223887848405
VHL11605,1.60333000614059
VHL17566,2.8688913863280745
VHL14925,7.045792071029268
VHL17378,19.572735021122725
VHL13933,5.342941881751833
VHL15621,5.993708533152732
VHL11212,6.404942218954598
VHL17047,1.3068059738204614
VHL18495,9.808374342616196
VHL11789,31.845254204177536
VHL18812,1.932394181513502
VHL12003,4.240504128855538
VHL17763,8.366346709816366
VHL10234,3.646831228765566
VHL11820,24.34873717246753
VHL15612,7.45772292944167
VHL16969,8.677208077179824
VHL15883,48.392014637337454
VHL16910,11.44300473796449
VHL15537,64.16618354562428
VHL19483,8.330422558461716
VHL19061,42.84082838209106
VHL10122,96.58842512967621
VHL18413,6.5474253572603
VHL19153,5.1883537014423995
VHL16118,3.647889141634026
VHL11390,7.0624581032668985
VHL15701,1.9506010162378804
VHL12322,28.20385184048081
VHL18493,24.629750199518256
VHL18230,7.2669078392989706
VHL10567,2.7855160561448784
VHL16862,4.904440010315967
VHL12040,12.812871477343506
VHL13506,13.771315121095128
VHL13379,9.672047010640231
VHL16540,3.0894146547781602
VHL14882,5.200564847584962
VHL16979,3.4343368669866856
VHL17108,4.071009309390526
VHL19862,2.3318146034588976
VHL19541,3.027626571351918
VHL16650,7.765443708408019
VHL18976,24.51886460572768
VHL15984,7.799188082954347
VHL13017,7.532647861239505
VHL12807,14.132354431573358
VHL16571,7.789247896528437
VHL18496,3.9284753764701628
VHL19085,3.2007711129925185
VHL15655,7.523826322771638
VHL10274,11.782052739983902
VHL17927,29.315603005601815
VHL14169,5.060646498839822
VHL10088,17.313339237361035
VHL19133,2.8703058733379967
VHL10124,2.799913496291264
VHL17800,60.209386652697205
VHL12549,5.290343439525637
VHL10900,5.123727168724274
VHL16654,2.0718374833624487
VHL15178,4.965382070725914
VHL10370,29.315603005601815
VHL19083,4.163763008650611
VHL10667,296.33765984080105
VHL11177,3.492370541783618
VHL19621,7.7678765434614405
VHL19834,2.920070668789674
VHL18831,1.5884877877059271
VHL16058,9.734527459184656
VHL15327,10.983070011680358
VHL10566,5.163728965179933
VHL15911,3.967084417381899
VHL18703,6.5729814533774915
VHL19494,4.666671489842772
VHL16292,16.008956202824688
VHL12417,7.364712399945796
VHL16694,9.257776111932614
VHL16876,9.69116591857492
VHL10394,2.1382737564910164
VHL18192,2.1778508816323896
VHL18989,1.908972016321411
VHL15531,4.601825642523051
VHL19945,8.930080877939043
VHL15352,7.684050133421221
VHL10470,4.196345799745171
VHL12910,74.4793098786736
VHL19260,11.939037368089037
VHL18747,18.494829880914864
VHL10865,12.112689718361683
VHL10512,32.10927805519352
VHL19176,2.43019987838099
VHL18494,2.3131102268371224
VHL14953,4.443298968834794
VHL18146,12.03325875178005
VHL10753,5.885359906073059
VHL13266,13.734682427981772
VHL18142,12.910698407595234
VHL12499,4.964514972706381
VHL11132,2.712245386330319
VHL16161,0.879868049944309
VHL16332,2.890456142483371
VHL11947,78.81010293456747
VHL15516,5.055452232060188
VHL15620,166.3922281433734
VHL11334,9.808374342616196
VHL14676,6.080899518412023
VHL18063,2.161283406694368
VHL11305,5.714163223003264
VHL17190,1.5981041212168996
VHL19509,2.615712042529724
VHL13065,6.903572092711414
VHL16948,4.920705888222716
VHL18753,3.573633572859632
VHL13306,1.3616970549550895
VHL11296,2.417025429939072
VHL14799,30.85858044239588
VHL16629,77.32456329550207
VHL12469,3.3253756648320576
VHL14725,3.3305900574897045
VHL15360,2.1457522429347358
VHL12472,2.314130847495369
VHL17694,5.761632627516579
VHL19367,4.347427284334187
VHL13921,9.484497326426665
VHL18424,2.293403211236884
VHL13215,11.003050414547696
VHL19720,7.359090657076422
VHL19474,5.043171719157661
VHL14718,3.680100084529225
VHL13614,8.852805251236179
VHL15761,1.4941993559349782
VHL15481,2.5468033405075623
VHL10583,2.6141050217916226
VHL10999,4.835202525797738
VHL11387,2.183744235826329
VHL17201,10.43494748095675
VHL11541,54.06933246216174
VHL11491,7.360960159122728
VHL13571,2.3017101437645096
VHL17798,9.747690183067451
VHL11615,2.67880397462915
VHL17412,6.617872622873165
VHL17680,26.062374438406046
VHL13091,30.947636470988517
VHL13434,2.874957370503032
VHL15052,8.419168127817512
VHL11742,4.216307809014348
VHL11925,6.79957338951164
VHL12016,6.070826803037464
VHL17513,4.873913489195486
VHL10564,0.9889997181666267
VHL14087,1.5230959161241708
VHL18246,4.703785532717953
VHL10468,15.098990934019792
VHL18823,5.131058942564965
VHL10264,5.8661392133967185
VHL15285,12.368590780045505
VHL16403,39.58556699336235
VHL14260,21.4479530835431
VHL16390,2.9629246771189903
VHL14383,2.73555554135764
VHL12924,7.4750124606757895
VHL16793,1.536847950788446
VHL19286,4.042250726028054
VHL11692,75.90826249686174
VHL19565,3.1824332594659333
VHL12271,7.560016701829051
VHL16387,2.447509070231863
VHL10067,1.9753639229194022
VHL11055,11.261855013647367
VHL16282,5.206667566597372
VHL10373,2.711952778990109
VHL13130,6.766308465731784
VHL14791,5.182592712547222
VHL17669,126.54478430848317
VHL10245,7.572623318038898
VHL13394,4.121204081726715
VHL13369,9.451407762887444
VHL12230,18.014381303636725
VHL15024,1.4203277783438553
VHL15401,7.089227500372158
VHL17830,8.366346709816366
VHL16594,2.769743129035844
VHL13400,7.533698767196851
VHL13413,4.514785601260173
VHL11338,11.745629554496256
VHL12928,4.227687763918892
VHL14141,30.468680684456764
VHL13196,31.238825962468574
VHL17193,6.033113502578505
VHL13848,10.24486801363536
VHL15690,8.597264049073365
VHL14292,5.52365393743177
VHL10249,26.946996765863588
VHL16684,4.062175945090205
VHL13663,2.7390366960668047
VHL16780,10.229911287267416
VHL15195,5.0748827200362
VHL19709,1.99346521853369
VHL16300,6.801309084743201
VHL18402,5.227589420146477
VHL10408,18.517963752939067
VHL17856,10.708495053627962
VHL12909,7.314729201632825
VHL17579,25.072244463705136
VHL14360,7.299667220559487
VHL16170,30.29691394286532
VHL11625,14.128627413642596
VHL10141,4.192862304143382
VHL13372,1.114432661175923
VHL10702,12.172479772800168
VHL10168,3.2331117521221033
VHL17506,8.225431964063844
VHL19811,6.120417126994445
VHL18898,1.2222241042892497
VHL14976,11.663221606938178
VHL19528,13.17723831801992
VHL14747,3.2101826524884105
VHL12298,6.297498583964934
VHL12897,43.19002589763746
VHL14501,4.622737741784386
VHL19230,9.805924310345953
VHL17122,4.8318815298141145
VHL13093,8.09235759783426
VHL13713,5.256638169176199
VHL10827,4.849831181614609
VHL14671,5.521015274409242
VHL19953,2.146089873849482
VHL14674,8.090927851170425
VHL19651,4.066911174471055
VHL14860,31.05177046319566
VHL15452,9.609505948938942
VHL11031,3.5225125435257665
VHL16763,8.087605765346833
VHL13764,20.29964483010868
VHL12562,7.140688597530864
VHL11827,1.9431785617498156
VHL13929,5.548601112388681
VHL10039,15.061858874997906
VHL15009,31.844149982836882
VHL13821,11.247743831450201
VHL14348,1.7420471802011428
VHL16840,14.285267990502678
VHL12002,7.089126700420567
VHL10237,3.017848649880243
VHL18738,3.579796363683014
VHL10568,5.2501224195783625
VHL19355,1.7112850063331912
VHL16226,5.8950896021904615
VHL16719,4.297245666558361
VHL14548,4.650647190130274
VHL16912,23.854663912036678
VHL19505,31.37944950512362
VHL16442,2.4225544693697665
VHL16825,2.98593712648678
VHL12658,30.311577850924493
VHL12481,19.112190779073806
VHL18658,14.427479203513318
VHL15493,4.240388015562997
VHL12577,45.539879605053834
VHL13844,4.118458323240314
VHL12544,4.603677029056624
VHL14450,4.3061094174516
VHL16818,5.1805060113818415
VHL18694,7.6239585004325034
VHL13597,41.803161674306885
VHL15898,5.359839685358892
VHL18680,3.048682010392291
VHL12465,20.149489972329818
VHL12148,1.3683245386460707
VHL19876,13.29462816058753
VHL19612,9.187330633654021
VHL18169,23.51756322143728
VHL13267,3.9776773534589345
VHL14640,3.838942758381543
VHL15593,13.647160761288756
VHL16387,22.72876566393949
VHL13148,11.430520396699919
VHL11142,2.873591862437621
VHL18659,4.361462861921315
VHL13899,7.003128522642375
VHL18985,4.487934814468891
VHL17250,2.788586534014391
VHL17539,5.25542261692596
VHL18609,5.790329767772276
VHL11948,2.953909089880069
VHL11525,5.34515883362855
VHL12806,5.8499942601822905
VHL19564,17.284454870803188
VHL19054,5.945263485572513
VHL18679,2.888179443855634
VHL19665,6.485010761657281
VHL12463,2.6232121117336904
VHL10753,1.4049266813917414
VHL11312,8.235895127556626
VHL12620,1.8186083428896977
VHL17592,3.199399538140667
VHL11746,5.177077657444231
VHL14332,1.265125283343315
VHL19959,4.761604935288612
VHL16741,4.145065066721597
VHL10763,7.31137268559354
VHL17541,4.649486440632205
VHL11701,27.48981921335973
VHL10194,3.7677737902282145
VHL13479,24.439474827427837
VHL15975,3.870866207108847
VHL10231,6.598062201000586
VHL18446,3.324939185754154
VHL19365,56.94614884479099
VHL12815,5.096408017650059
VHL17210,11.51686702516897
VHL14273,4.405470055398312
VHL16001,2.726481892428947
VHL17232,32.75909485258817
VHL17877,4.470179280275035
VHL13772,7.3982752817421105
VHL14502,4.179753717361786
VHL12140,3.944878326588364
VHL12267,11.81609245626798
VHL18736,13.67308275051144
VHL17988,46.930563435453344
VHL11233,2.277521021058516
VHL18205,3.272056831179776
VHL17229,8.631587498562604
VHL12503,5.335537769405077
VHL16555,4.42093310441373
VHL11608,5.184925861596442
VHL13099,31.65069727355924
VHL10464,4.096010287565996
VHL13660,4.616521531174703
VHL15246,6.828646164057811
VHL18351,8.09078746765358
VHL14567,6.470807152644246
VHL18076,1.9881689870259727
VHL15135,4.463064208683229
VHL14661,22.644241082596995
VHL13468,4.568159444602804
VHL18899,4.681163336871135
VHL10051,3.00395779751981
VHL12127,3.5175514476732728
VHL12196,4.995126815710937
VHL17014,5.743382437272642
VHL11559,1.7700485728358526
VHL10059,19.06944280863282
VHL15739,5.602949333226085
VHL14808,2.935327883968077
VHL15611,10.595676443283914
VHL14636,102.15812171577625
VHL11570,3.745635908973179
VHL16463,5.592678943337601
VHL16394,4.813134823342603
VHL13693,3.740341413913839
VHL12291,4.763370549444148
VHL15561,1.5462541249921429
VHL19493,55.72336743885868
VHL12756,11.576545236376564
VHL10950,3.7804952225566835
VHL16866,2.0063330070323535
VHL12609,7.203056485095322
VHL12574,4.726444509786658
VHL17135,3.4646726322602355
VHL13752,6.4073288267609625
VHL13546,11.681078699925685
VHL11097,3.817181653655484
VHL18181,5.177077657444231
VHL10940,3.1728198598272375
VHL16905,6.616248295426621
VHL19185,7.964214718532119
VHL10923,11.021209327635312
VHL18309,3.555231350759308
VHL19349,5.912595880269771
VHL13590,5.317957885668532
VHL20000,3.8453389139050267
VHL12384,4.111511674613201
VHL13167,7.671971240862907
VHL18928,5.5646380798585415
VHL11333,4.256340261879762
VHL18531,0.9976748071432466
VHL19725,2.0223640106597243
VHL13535,9.302776752271521
VHL15299,10.531763361679094
VHL19132,24.474860867179245
VHL19736,20.966015267726938
VHL11914,8.903284097628404
VHL14981,24.862648358457275
VHL11507,2.925533618633233
VHL18768,6.963152631182217
VHL13208,3.951700289217912
VHL17200,7.108026626857592
VHL19398,14.709798071140312
VHL10666,32.10927805519352
VHL12919,7.445659177728603
VHL17972,8.271619813541724
VHL10315,3.9365542576418804
VHL13868,2.0034367460505496
VHL16268,11.638624395654693
VHL15979,7.5931006314186416
VHL14334,5.001771804033003
VHL19984,4.196066614465119
VHL15905,20.439814945369104
VHL14849,5.085375489285348
VHL10077,2.7829156677608817
VHL12763,28.054298696712145
VHL13814,3.3547644839322315
VHL18236,7.568966360410326
VHL18380,4.568283696045494
VHL11075,4.610490111159457
VHL10482,11.953056815476563
VHL10117,4.359528110571367
VHL13673,2.2826922070539233
VHL17221,37.26801055147732
VHL11240,6.797726942024417
VHL12562,2.727590327345223
VHL13799,11.934700623591208
VHL13466,32.241002063882505
VHL14698,4.924540330130527
VHL15372,2.3036656495431265
VHL13032,5.031624431900118
VHL13600,3.3093247757337054
VHL17335,5.372018702947529
VHL15519,4.1333810180587
VHL19609,3.322623539982046
VHL12581,5.783431512834246
VHL18738,3.2615180907972494
VHL15107,1.4517703725552795
VHL16177,10.150653582128548
VHL11709,7.151506723442052
VHL14469,5.085375489285348
VHL13687,5.630110024894117
VHL16412,7.619847648834399
VHL14864,26.062374438406046
VHL15725,5.436930514629782
VHL17141,4.222269070264667
VHL10991,6.315778249687218
VHL10678,2.3411325345865275
VHL13889,7.846594531160458
VHL17084,11.596838466305071
VHL15443,3.3077156023028147
VHL10783,2.498903746623408
VHL19744,4.548700055290676
VHL18331,9.038241325668912
VHL16307,3.1102673456743597
VHL18003,3.838139115879546
VHL10838,14.949593259216792
VHL13320,103.1493677098209
VHL19953,1.6779365477898103
VHL19152,3.327979361578767
VHL15913,43.19002589763746
VHL15341,6.12360355511418
VHL14269,2.9343606745349136
VHL10263,32.63808415104943
VHL10559,4.650647190130274
VHL17221,9.345936668431126
VHL12379,29.77990685542532
VHL18253,1.815289650976181
VHL11172,4.097437277125613
VHL17213,38.507719355490885
VHL18445,5.721476357361725
VHL10808,14.60756889518029
VHL13851,6.51529682938331
VHL18936,2.1342305591489072
VHL17750,2.6756709720946557
VHL14279,7.359090657076422
VHL17407,3.5285578814208307
VHL17737,15.558943938653865
VHL11196,3.514844507315339
VHL10773,4.92555572458365
VHL12028,18.43136655618438
VHL19833,2.2826922070539233
VHL13566,5.761632627516579
VHL18282,3.3865995073471717
VHL11015,2.055868163718727
VHL16696,10.462469691937748
VHL13980,1.815289650976181
VHL18337,6.5632516417302496
VHL11330,9.441767590026135
VHL14873,8.142371411808378
VHL15435,6.151099383089699
VHL13861,18.427495410935904
VHL12073,6.52147599450228
VHL15320,11.51686702516897
VHL17850,6.52147599450228
VHL16757,8.049688855237608
VHL15181,2.127841167048074
VHL14613,3.4255633712466755
VHL17238,2.6467461716434038
VHL12083,6.714319940657392
VHL16344,3.119961896549331
VHL19413,4.772518258212579
VHL17430,6.872028538665978
VHL14996,10.52427220697424
VHL13423,2.2042981857281783
VHL13162,46.40894641271228
VHL14672,5.570561480412181
VHL12020,4.791586412161992
VHL16103,3.7255444362479624
VHL10650,7.7248625386685585
VHL15234,3.9806348877838076
VHL11305,6.833531365970105
VHL18180,8.588175859194228
VHL17458,1.9051427073432072
VHL15835,9.444169880414073
VHL17211,2.194955897016926
VHL17209,4.925423575731143
VHL18693,5.304167231432195
VHL18975,15.566985599098519
VHL18976,5.191605429526723
VHL15391,3.377555420475926
VHL13071,40.856144215710444
VHL19241,12.58993472159637
VHL14944,9.011143486185166
VHL19128,24.51886460572768
VHL18577,1.6272116345812155
VHL15429,2.248520235012032
VHL12217,6.652336932723115
VHL15705,30.71270394294904
VHL19888,5.2831991103654286
VHL11906,6.775624472385398
VHL15757,19.579071794575327
VHL11938,13.955371650315021
VHL10969,1.6395782156866754
VHL11777,82.67016798402315
VHL16275,5.154005115591218
VHL14235,5.331682663453826
VHL10496,22.67267303632787
VHL18481,4.560961179481777
VHL17185,3.192521210778426
VHL15960,3.4743054097041224
VHL11313,10.170232693767606
VHL11288,16.262171755948668
VHL12337,9.256736642633848
VHL14268,2.260449025453749
VHL10015,21.412510384749595
VHL16136,4.708767933795758
VHL17903,22.33781422222558
VHL14018,4.897414490093665
VHL17473,7.717192096123125
VHL11480,10.276952889008303
VHL13881,3.3657434127957395
